-- Production Backup of facturo-db
-- Generated: 2026-07-11T23:17:30.351Z

SET FOREIGN_KEY_CHECKS=0;
SET SQL_MODE='NO_AUTO_VALUE_ON_ZERO';
SET NAMES utf8mb4;

DROP TABLE IF EXISTS `cache`;
CREATE TABLE `cache` (
  `key` varchar(255) COLLATE utf8mb4_unicode_ci NOT NULL,
  `value` mediumtext COLLATE utf8mb4_unicode_ci NOT NULL,
  `expiration` bigint NOT NULL,
  PRIMARY KEY (`key`),
  KEY `cache_expiration_index` (`expiration`)
) ENGINE=InnoDB DEFAULT CHARSET=utf8mb4 COLLATE=utf8mb4_unicode_ci;

-- No data in cache

DROP TABLE IF EXISTS `cache_locks`;
CREATE TABLE `cache_locks` (
  `key` varchar(255) COLLATE utf8mb4_unicode_ci NOT NULL,
  `owner` varchar(255) COLLATE utf8mb4_unicode_ci NOT NULL,
  `expiration` bigint NOT NULL,
  PRIMARY KEY (`key`),
  KEY `cache_locks_expiration_index` (`expiration`)
) ENGINE=InnoDB DEFAULT CHARSET=utf8mb4 COLLATE=utf8mb4_unicode_ci;

-- No data in cache_locks

DROP TABLE IF EXISTS `clients`;
CREATE TABLE `clients` (
  `id` bigint unsigned NOT NULL AUTO_INCREMENT,
  `name` varchar(255) COLLATE utf8mb4_unicode_ci NOT NULL,
  `phone` varchar(255) COLLATE utf8mb4_unicode_ci DEFAULT NULL,
  `created_at` timestamp NULL DEFAULT NULL,
  `updated_at` timestamp NULL DEFAULT NULL,
  PRIMARY KEY (`id`),
  KEY `clients_name_index` (`name`),
  KEY `clients_phone_index` (`phone`)
) ENGINE=InnoDB AUTO_INCREMENT=19 DEFAULT CHARSET=utf8mb4 COLLATE=utf8mb4_unicode_ci;

INSERT INTO `clients` (`id`,`name`,`phone`,`created_at`,`updated_at`) VALUES
('1','super sabl d\'or(al amal)','0666386072','2026-06-28 23:44:59','2026-06-28 23:47:49'),
('2','super smaail(84)','0671940058','2026-06-28 23:46:24','2026-06-28 23:46:24'),
('3','amjad abdrahim (84)','0671733929','2026-06-28 23:49:25','2026-06-28 23:49:25'),
('4','super koraichi mehamed(84)','0610739262','2026-07-01 21:49:37','2026-07-01 21:50:01'),
('5','mounir dkkali(Elaaouda)','0676101651','2026-07-02 21:11:20','2026-07-03 12:43:11'),
('6','EL kehl abdelkhalk(av tantan)','0700706190','2026-07-02 21:58:24','2026-07-02 23:46:53'),
('7','Belaaouni brahim(rhiba)','0698481784','2026-07-02 23:53:20','2026-07-02 23:53:20'),
('8','ELgnaoui yossef(rhiba)','0667613745','2026-07-03 12:29:01','2026-07-03 12:29:01'),
('9','Abdlmoula(rhiba)','0690583972','2026-07-03 12:38:35','2026-07-03 12:38:35'),
('10','Argaz abderahim(rhiba)','0672091224','2026-07-03 12:42:12','2026-07-03 12:44:14'),
('11','Elmahjoub(rhiba)','0667485466','2026-07-03 12:45:38','2026-07-03 12:45:38'),
('12','oudraoui rachid(glmim)','0604765621','2026-07-08 00:04:22','2026-07-09 23:37:40'),
('13','raiss hassan(84)',NULL,'2026-07-09 23:19:41','2026-07-09 23:39:07'),
('15','super tarik(kayrawan)',NULL,'2026-07-09 23:22:18','2026-07-09 23:35:31'),
('16','super radi(dchira)','0662790348','2026-07-09 23:24:14','2026-07-09 23:24:14'),
('17','super sahara shop(kayrawan)','0642863720','2026-07-09 23:25:49','2026-07-09 23:35:04'),
('18','super fahd(Elmassira)','0624459514','2026-07-10 21:08:09','2026-07-10 21:08:09');

DROP TABLE IF EXISTS `failed_jobs`;
CREATE TABLE `failed_jobs` (
  `id` bigint unsigned NOT NULL AUTO_INCREMENT,
  `uuid` varchar(255) COLLATE utf8mb4_unicode_ci NOT NULL,
  `connection` varchar(255) COLLATE utf8mb4_unicode_ci NOT NULL,
  `queue` varchar(255) COLLATE utf8mb4_unicode_ci NOT NULL,
  `payload` longtext COLLATE utf8mb4_unicode_ci NOT NULL,
  `exception` longtext COLLATE utf8mb4_unicode_ci NOT NULL,
  `failed_at` timestamp NOT NULL DEFAULT CURRENT_TIMESTAMP,
  PRIMARY KEY (`id`),
  UNIQUE KEY `failed_jobs_uuid_unique` (`uuid`),
  KEY `failed_jobs_connection_queue_failed_at_index` (`connection`,`queue`,`failed_at`)
) ENGINE=InnoDB DEFAULT CHARSET=utf8mb4 COLLATE=utf8mb4_unicode_ci;

-- No data in failed_jobs

DROP TABLE IF EXISTS `invoice_items`;
CREATE TABLE `invoice_items` (
  `id` bigint unsigned NOT NULL AUTO_INCREMENT,
  `invoice_id` bigint unsigned NOT NULL,
  `product_id` bigint unsigned NOT NULL,
  `quantity` int NOT NULL,
  `unit_price` decimal(10,2) NOT NULL,
  `subtotal` decimal(12,2) NOT NULL,
  `created_at` timestamp NULL DEFAULT NULL,
  `updated_at` timestamp NULL DEFAULT NULL,
  PRIMARY KEY (`id`),
  KEY `invoice_items_invoice_id_foreign` (`invoice_id`),
  KEY `invoice_items_product_id_foreign` (`product_id`),
  CONSTRAINT `invoice_items_invoice_id_foreign` FOREIGN KEY (`invoice_id`) REFERENCES `invoices` (`id`) ON DELETE CASCADE,
  CONSTRAINT `invoice_items_product_id_foreign` FOREIGN KEY (`product_id`) REFERENCES `products` (`id`) ON DELETE RESTRICT
) ENGINE=InnoDB AUTO_INCREMENT=286 DEFAULT CHARSET=utf8mb4 COLLATE=utf8mb4_unicode_ci;

INSERT INTO `invoice_items` (`id`,`invoice_id`,`product_id`,`quantity`,`unit_price`,`subtotal`,`created_at`,`updated_at`) VALUES
('56','4','7','24','12.30','295.20','2026-07-01 21:40:01','2026-07-01 21:40:01'),
('57','4','4','12','12.30','147.60','2026-07-01 21:40:01','2026-07-01 21:40:01'),
('58','4','14','40','7.40','296.00','2026-07-01 21:40:01','2026-07-01 21:40:01'),
('59','4','65','12','18.60','223.20','2026-07-01 21:40:01','2026-07-01 21:40:01'),
('60','4','63','12','13.00','156.00','2026-07-01 21:40:01','2026-07-01 21:40:01'),
('61','4','54','12','7.40','88.80','2026-07-01 21:40:01','2026-07-01 21:40:01'),
('62','4','41','24','7.40','177.60','2026-07-01 21:40:01','2026-07-01 21:40:01'),
('63','4','17','24','7.60','182.40','2026-07-01 21:40:01','2026-07-01 21:40:01'),
('64','4','18','20','18.00','360.00','2026-07-01 21:40:01','2026-07-01 21:40:01'),
('65','4','55','12','13.50','162.00','2026-07-01 21:40:01','2026-07-01 21:40:01'),
('66','4','49','12','7.40','88.80','2026-07-01 21:40:01','2026-07-01 21:40:01'),
('67','4','51','12','7.40','88.80','2026-07-01 21:40:01','2026-07-01 21:40:01'),
('68','4','50','12','7.40','88.80','2026-07-01 21:40:01','2026-07-01 21:40:01'),
('69','4','47','12','7.40','88.80','2026-07-01 21:40:01','2026-07-01 21:40:01'),
('70','4','46','12','7.40','88.80','2026-07-01 21:40:01','2026-07-01 21:40:01'),
('71','4','48','12','7.40','88.80','2026-07-01 21:40:01','2026-07-01 21:40:01'),
('72','4','43','12','7.40','88.80','2026-07-01 21:40:01','2026-07-01 21:40:01'),
('73','4','44','12','7.40','88.80','2026-07-01 21:40:01','2026-07-01 21:40:01'),
('74','4','20','1','124.00','124.00','2026-07-01 21:40:01','2026-07-01 21:40:01'),
('75','4','29','1','94.00','94.00','2026-07-01 21:40:01','2026-07-01 21:40:01'),
('76','4','68','1','94.00','94.00','2026-07-01 21:40:01','2026-07-01 21:40:01'),
('77','4','30','1','94.00','94.00','2026-07-01 21:40:01','2026-07-01 21:40:01'),
('78','4','67','1','94.00','94.00','2026-07-01 21:40:01','2026-07-01 21:40:01'),
('79','4','69','1','94.00','94.00','2026-07-01 21:40:01','2026-07-01 21:40:01'),
('80','4','33','1','94.00','94.00','2026-07-01 21:40:01','2026-07-01 21:40:01'),
('81','4','36','1','94.00','94.00','2026-07-01 21:40:01','2026-07-01 21:40:01'),
('82','4','34','1','94.00','94.00','2026-07-01 21:40:01','2026-07-01 21:40:01'),
('83','4','35','1','94.00','94.00','2026-07-01 21:40:01','2026-07-01 21:40:01'),
('84','4','37','1','94.00','94.00','2026-07-01 21:40:01','2026-07-01 21:40:01'),
('85','4','38','1','94.00','94.00','2026-07-01 21:40:01','2026-07-01 21:40:01'),
('86','4','39','1','94.00','94.00','2026-07-01 21:40:01','2026-07-01 21:40:01'),
('87','4','31','2','47.00','94.00','2026-07-01 21:40:01','2026-07-01 21:40:01'),
('88','4','32','2','47.00','94.00','2026-07-01 21:40:02','2026-07-01 21:40:02'),
('89','5','29','1','94.00','94.00','2026-07-01 22:18:48','2026-07-01 22:18:48'),
('90','5','68','1','94.00','94.00','2026-07-01 22:18:48','2026-07-01 22:18:48'),
('91','5','30','1','94.00','94.00','2026-07-01 22:18:48','2026-07-01 22:18:48'),
('92','5','69','1','94.00','94.00','2026-07-01 22:18:48','2026-07-01 22:18:48'),
('93','5','38','1','94.00','94.00','2026-07-01 22:18:48','2026-07-01 22:18:48'),
('94','5','39','1','94.00','94.00','2026-07-01 22:18:48','2026-07-01 22:18:48'),
('95','5','9','1','94.00','94.00','2026-07-01 22:18:48','2026-07-01 22:18:48'),
('96','5','10','1','93.00','93.00','2026-07-01 22:18:48','2026-07-01 22:18:48'),
('97','5','7','12','12.30','147.60','2026-07-01 22:18:48','2026-07-01 22:18:48'),
('98','5','4','12','12.30','147.60','2026-07-01 22:18:48','2026-07-01 22:18:48'),
('99','5','14','20','7.40','148.00','2026-07-01 22:18:48','2026-07-01 22:18:48'),
('100','5','41','12','7.40','88.80','2026-07-01 22:18:48','2026-07-01 22:18:48'),
('101','5','31','2','47.00','94.00','2026-07-01 22:18:48','2026-07-01 22:18:48'),
('102','5','20','1','124.00','124.00','2026-07-01 22:18:48','2026-07-01 22:18:48'),
('103','6','20','5','118.00','590.00','2026-07-02 21:14:06','2026-07-02 21:14:06'),
('104','6','7','24','12.30','295.20','2026-07-02 21:14:06','2026-07-02 21:14:06'),
('105','6','4','24','11.90','285.60','2026-07-02 21:14:06','2026-07-02 21:14:06');

INSERT INTO `invoice_items` (`id`,`invoice_id`,`product_id`,`quantity`,`unit_price`,`subtotal`,`created_at`,`updated_at`) VALUES
('106','6','14','20','7.20','144.00','2026-07-02 21:14:06','2026-07-02 21:14:06'),
('107','6','18','20','18.00','360.00','2026-07-02 21:14:06','2026-07-02 21:14:06'),
('108','6','17','12','7.20','86.40','2026-07-02 21:14:06','2026-07-02 21:14:06'),
('109','7','20','30','113.30','3399.00','2026-07-02 22:05:54','2026-07-02 22:05:54'),
('110','7','17','120','6.90','828.00','2026-07-02 22:05:54','2026-07-02 22:05:54'),
('111','7','18','50','17.50','875.00','2026-07-02 22:05:54','2026-07-02 22:05:54'),
('112','7','7','180','11.90','2142.00','2026-07-02 22:05:54','2026-07-02 22:05:54'),
('113','7','4','120','11.90','1428.00','2026-07-02 22:05:54','2026-07-02 22:05:54'),
('114','7','14','200','6.90','1380.00','2026-07-02 22:05:54','2026-07-02 22:05:54'),
('115','7','9','15','90.00','1350.00','2026-07-02 22:05:54','2026-07-02 22:05:54'),
('116','7','10','10','89.00','890.00','2026-07-02 22:05:54','2026-07-02 22:05:54'),
('117','7','29','5','89.00','445.00','2026-07-02 22:05:54','2026-07-02 22:05:54'),
('118','7','30','5','89.00','445.00','2026-07-02 22:05:54','2026-07-02 22:05:54'),
('119','7','34','10','89.00','890.00','2026-07-02 22:05:54','2026-07-02 22:05:54'),
('120','7','36','10','89.00','890.00','2026-07-02 22:05:54','2026-07-02 22:05:54'),
('121','7','68','5','89.00','445.00','2026-07-02 22:05:54','2026-07-02 22:05:54'),
('122','7','67','5','89.00','445.00','2026-07-02 22:05:54','2026-07-02 22:05:54'),
('123','8','68','8','91.00','728.00','2026-07-03 00:10:18','2026-07-03 00:10:18'),
('124','8','68','2','91.00','182.00','2026-07-03 00:10:18','2026-07-03 00:10:18'),
('125','8','30','5','91.00','455.00','2026-07-03 00:10:18','2026-07-03 00:10:18'),
('126','8','39','2','91.00','182.00','2026-07-03 00:10:18','2026-07-03 00:10:18'),
('127','8','38','2','91.00','182.00','2026-07-03 00:10:18','2026-07-03 00:10:18'),
('128','8','37','2','91.00','182.00','2026-07-03 00:10:18','2026-07-03 00:10:18'),
('129','8','20','5','118.00','590.00','2026-07-03 00:10:18','2026-07-03 00:10:18'),
('130','8','18','20','18.00','360.00','2026-07-03 00:10:18','2026-07-03 00:10:18'),
('131','8','17','24','7.40','177.60','2026-07-03 00:10:18','2026-07-03 00:10:18'),
('132','8','7','12','12.50','150.00','2026-07-03 00:10:18','2026-07-03 00:10:18'),
('133','8','4','12','12.50','150.00','2026-07-03 00:10:18','2026-07-03 00:10:18'),
('134','8','14','20','7.30','146.00','2026-07-03 00:10:18','2026-07-03 00:10:18'),
('135','8','63','12','13.00','156.00','2026-07-03 00:10:19','2026-07-03 00:10:19'),
('136','8','65','12','18.60','223.20','2026-07-03 00:10:19','2026-07-03 00:10:19'),
('137','8','55','12','13.50','162.00','2026-07-03 00:10:19','2026-07-03 00:10:19'),
('138','9','18','10','18.00','180.00','2026-07-03 19:35:20','2026-07-03 19:35:20'),
('139','9','55','12','13.50','162.00','2026-07-03 19:35:20','2026-07-03 19:35:20'),
('140','9','4','12','12.50','150.00','2026-07-03 19:35:20','2026-07-03 19:35:20'),
('141','10','20','1','118.00','118.00','2026-07-03 19:40:00','2026-07-03 19:40:00'),
('142','10','18','10','18.00','180.00','2026-07-03 19:40:00','2026-07-03 19:40:00'),
('143','10','17','12','7.40','88.80','2026-07-03 19:40:00','2026-07-03 19:40:00'),
('144','10','4','12','12.50','150.00','2026-07-03 19:40:00','2026-07-03 19:40:00'),
('145','10','69','1','92.00','92.00','2026-07-03 19:40:00','2026-07-03 19:40:00'),
('146','10','33','1','92.00','92.00','2026-07-03 19:40:00','2026-07-03 19:40:00'),
('147','10','39','1','91.00','91.00','2026-07-03 19:40:00','2026-07-03 19:40:00'),
('148','10','9','1','92.00','92.00','2026-07-03 19:40:00','2026-07-03 19:40:00'),
('149','10','10','1','91.00','91.00','2026-07-03 19:40:00','2026-07-03 19:40:00'),
('150','11','34','10','92.00','920.00','2026-07-03 19:46:07','2026-07-03 19:46:07'),
('151','11','36','5','92.00','460.00','2026-07-03 19:46:07','2026-07-03 19:46:07'),
('152','11','35','5','92.00','460.00','2026-07-03 19:46:07','2026-07-03 19:46:07'),
('153','11','69','5','92.00','460.00','2026-07-03 19:46:07','2026-07-03 19:46:07'),
('154','11','33','3','92.00','276.00','2026-07-03 19:46:07','2026-07-03 19:46:07'),
('155','11','29','5','92.00','460.00','2026-07-03 19:46:07','2026-07-03 19:46:07');

INSERT INTO `invoice_items` (`id`,`invoice_id`,`product_id`,`quantity`,`unit_price`,`subtotal`,`created_at`,`updated_at`) VALUES
('156','11','68','2','92.00','184.00','2026-07-03 19:46:07','2026-07-03 19:46:07'),
('157','11','30','5','92.00','460.00','2026-07-03 19:46:07','2026-07-03 19:46:07'),
('158','11','67','2','92.00','184.00','2026-07-03 19:46:07','2026-07-03 19:46:07'),
('159','11','20','5','118.00','590.00','2026-07-03 19:46:07','2026-07-03 19:46:07'),
('160','11','9','5','92.00','460.00','2026-07-03 19:46:07','2026-07-03 19:46:07'),
('161','11','10','5','91.00','455.00','2026-07-03 19:46:07','2026-07-03 19:46:07'),
('162','12','65','24','18.60','446.40','2026-07-03 20:40:48','2026-07-03 20:40:48'),
('163','12','63','36','13.00','468.00','2026-07-03 20:40:48','2026-07-03 20:40:48'),
('164','12','18','50','18.00','900.00','2026-07-03 20:40:48','2026-07-03 20:40:48'),
('165','12','54','60','7.40','444.00','2026-07-03 20:40:48','2026-07-03 20:40:48'),
('166','12','50','60','7.40','444.00','2026-07-03 20:40:48','2026-07-03 20:40:48'),
('167','12','49','60','7.40','444.00','2026-07-03 20:40:48','2026-07-03 20:40:48'),
('168','12','51','60','7.40','444.00','2026-07-03 20:40:48','2026-07-03 20:40:48'),
('169','12','44','60','7.40','444.00','2026-07-03 20:40:48','2026-07-03 20:40:48'),
('170','12','55','60','13.50','810.00','2026-07-03 20:40:48','2026-07-03 20:40:48'),
('171','12','43','60','7.40','444.00','2026-07-03 20:40:48','2026-07-03 20:40:48'),
('172','12','41','60','7.40','444.00','2026-07-03 20:40:48','2026-07-03 20:40:48'),
('173','12','47','36','7.40','266.40','2026-07-03 20:40:48','2026-07-03 20:40:48'),
('174','12','48','60','7.40','444.00','2026-07-03 20:40:48','2026-07-03 20:40:48'),
('175','12','46','60','7.40','444.00','2026-07-03 20:40:48','2026-07-03 20:40:48'),
('176','13','65','12','18.60','223.20','2026-07-06 23:09:27','2026-07-06 23:09:27'),
('177','13','63','36','13.00','468.00','2026-07-06 23:09:27','2026-07-06 23:09:27'),
('178','13','17','60','7.40','444.00','2026-07-06 23:09:27','2026-07-06 23:09:27'),
('179','13','54','60','7.40','444.00','2026-07-06 23:09:27','2026-07-06 23:09:27'),
('180','13','50','60','7.40','444.00','2026-07-06 23:09:27','2026-07-06 23:09:27'),
('181','13','49','60','7.40','444.00','2026-07-06 23:09:27','2026-07-06 23:09:27'),
('182','13','51','60','7.40','444.00','2026-07-06 23:09:27','2026-07-06 23:09:27'),
('183','13','44','60','7.40','444.00','2026-07-06 23:09:28','2026-07-06 23:09:28'),
('184','13','55','60','13.50','810.00','2026-07-06 23:09:28','2026-07-06 23:09:28'),
('185','13','43','60','7.40','444.00','2026-07-06 23:09:28','2026-07-06 23:09:28'),
('186','13','41','60','7.40','444.00','2026-07-06 23:09:28','2026-07-06 23:09:28'),
('187','13','47','36','7.40','266.40','2026-07-06 23:09:28','2026-07-06 23:09:28'),
('188','13','48','60','7.40','444.00','2026-07-06 23:09:28','2026-07-06 23:09:28'),
('189','13','46','60','7.40','444.00','2026-07-06 23:09:28','2026-07-06 23:09:28'),
('190','14','20','3','118.00','354.00','2026-07-06 23:20:38','2026-07-06 23:20:38'),
('191','14','18','10','18.00','180.00','2026-07-06 23:20:38','2026-07-06 23:20:38'),
('192','14','17','12','7.40','88.80','2026-07-06 23:20:38','2026-07-06 23:20:38'),
('193','14','41','12','7.40','88.80','2026-07-06 23:20:38','2026-07-06 23:20:38'),
('194','14','7','12','12.50','150.00','2026-07-06 23:20:38','2026-07-06 23:20:38'),
('195','14','4','12','12.50','150.00','2026-07-06 23:20:38','2026-07-06 23:20:38'),
('196','14','14','20','7.40','148.00','2026-07-06 23:20:38','2026-07-06 23:20:38'),
('197','14','55','12','13.50','162.00','2026-07-06 23:20:38','2026-07-06 23:20:38'),
('198','14','9','2','92.00','184.00','2026-07-06 23:20:38','2026-07-06 23:20:38'),
('199','14','10','1','91.00','91.00','2026-07-06 23:20:38','2026-07-06 23:20:38'),
('200','14','29','1','92.00','92.00','2026-07-06 23:20:38','2026-07-06 23:20:38'),
('201','14','68','1','92.00','92.00','2026-07-06 23:20:38','2026-07-06 23:20:38'),
('202','14','30','1','92.00','92.00','2026-07-06 23:20:38','2026-07-06 23:20:38'),
('203','14','67','1','92.00','92.00','2026-07-06 23:20:38','2026-07-06 23:20:38'),
('204','14','69','1','92.00','92.00','2026-07-06 23:20:38','2026-07-06 23:20:38'),
('205','14','33','1','92.00','92.00','2026-07-06 23:20:38','2026-07-06 23:20:38');

INSERT INTO `invoice_items` (`id`,`invoice_id`,`product_id`,`quantity`,`unit_price`,`subtotal`,`created_at`,`updated_at`) VALUES
('206','14','35','1','92.00','92.00','2026-07-06 23:20:38','2026-07-06 23:20:38'),
('207','14','36','1','92.00','92.00','2026-07-06 23:20:38','2026-07-06 23:20:38'),
('208','14','34','1','92.00','92.00','2026-07-06 23:20:39','2026-07-06 23:20:39'),
('209','14','37','1','92.00','92.00','2026-07-06 23:20:39','2026-07-06 23:20:39'),
('210','14','38','1','92.00','92.00','2026-07-06 23:20:39','2026-07-06 23:20:39'),
('211','14','39','1','92.00','92.00','2026-07-06 23:20:39','2026-07-06 23:20:39'),
('212','14','32','2','46.00','92.00','2026-07-06 23:20:39','2026-07-06 23:20:39'),
('213','14','31','2','46.00','92.00','2026-07-06 23:20:39','2026-07-06 23:20:39'),
('214','15','7','24','12.50','300.00','2026-07-08 00:06:49','2026-07-08 00:06:49'),
('215','15','4','24','12.50','300.00','2026-07-08 00:06:49','2026-07-08 00:06:49'),
('216','15','49','12','7.40','88.80','2026-07-08 00:06:49','2026-07-08 00:06:49'),
('217','15','41','12','7.40','88.80','2026-07-08 00:06:49','2026-07-08 00:06:49'),
('218','15','50','12','7.40','88.80','2026-07-08 00:06:49','2026-07-08 00:06:49'),
('219','15','51','12','7.40','88.80','2026-07-08 00:06:49','2026-07-08 00:06:49'),
('220','15','43','12','7.40','88.80','2026-07-08 00:06:49','2026-07-08 00:06:49'),
('221','15','36','1','92.00','92.00','2026-07-08 00:06:49','2026-07-08 00:06:49'),
('222','15','29','2','92.00','184.00','2026-07-08 00:06:49','2026-07-08 00:06:49'),
('223','15','20','2','118.00','236.00','2026-07-08 00:06:49','2026-07-08 00:06:49'),
('224','16','17','12','7.40','88.80','2026-07-09 23:27:22','2026-07-09 23:27:22'),
('225','16','41','12','7.40','88.80','2026-07-09 23:27:22','2026-07-09 23:27:22'),
('226','16','10','1','91.00','91.00','2026-07-09 23:27:22','2026-07-09 23:27:22'),
('227','16','20','1','118.00','118.00','2026-07-09 23:27:22','2026-07-09 23:27:22'),
('228','17','18','10','18.00','180.00','2026-07-09 23:31:58','2026-07-09 23:31:58'),
('229','17','17','24','7.40','177.60','2026-07-09 23:31:58','2026-07-09 23:31:58'),
('230','17','41','12','7.40','88.80','2026-07-09 23:31:58','2026-07-09 23:31:58'),
('231','17','46','12','7.40','88.80','2026-07-09 23:31:58','2026-07-09 23:31:58'),
('232','17','49','12','7.40','88.80','2026-07-09 23:31:58','2026-07-09 23:31:58'),
('233','17','51','12','7.40','88.80','2026-07-09 23:31:58','2026-07-09 23:31:58'),
('234','17','55','12','13.50','162.00','2026-07-09 23:31:58','2026-07-09 23:31:58'),
('235','17','54','12','7.40','88.80','2026-07-09 23:31:58','2026-07-09 23:31:58'),
('236','17','7','12','12.50','150.00','2026-07-09 23:31:58','2026-07-09 23:31:58'),
('237','17','4','12','12.50','150.00','2026-07-09 23:31:58','2026-07-09 23:31:58'),
('238','17','14','20','7.40','148.00','2026-07-09 23:31:58','2026-07-09 23:31:58'),
('239','17','50','12','7.40','88.80','2026-07-09 23:31:58','2026-07-09 23:31:58'),
('240','18','18','10','18.00','180.00','2026-07-09 23:43:10','2026-07-09 23:43:10'),
('241','18','17','12','7.40','88.80','2026-07-09 23:43:10','2026-07-09 23:43:10'),
('242','18','41','12','7.40','88.80','2026-07-09 23:43:10','2026-07-09 23:43:10'),
('243','18','46','12','7.40','88.80','2026-07-09 23:43:10','2026-07-09 23:43:10'),
('244','18','47','12','7.40','88.80','2026-07-09 23:43:10','2026-07-09 23:43:10'),
('245','18','48','12','7.40','88.80','2026-07-09 23:43:10','2026-07-09 23:43:10'),
('246','18','49','12','7.40','88.80','2026-07-09 23:43:10','2026-07-09 23:43:10'),
('247','18','51','12','7.40','88.80','2026-07-09 23:43:10','2026-07-09 23:43:10'),
('248','18','50','12','7.40','88.80','2026-07-09 23:43:10','2026-07-09 23:43:10'),
('249','18','43','12','7.40','88.80','2026-07-09 23:43:10','2026-07-09 23:43:10'),
('250','18','44','12','7.40','88.80','2026-07-09 23:43:10','2026-07-09 23:43:10'),
('251','18','54','12','7.40','88.80','2026-07-09 23:43:10','2026-07-09 23:43:10'),
('252','18','55','12','13.50','162.00','2026-07-09 23:43:10','2026-07-09 23:43:10'),
('253','18','7','12','12.50','150.00','2026-07-09 23:43:10','2026-07-09 23:43:10'),
('254','18','4','12','12.50','150.00','2026-07-09 23:43:10','2026-07-09 23:43:10'),
('255','18','14','20','7.40','148.00','2026-07-09 23:43:11','2026-07-09 23:43:11');

INSERT INTO `invoice_items` (`id`,`invoice_id`,`product_id`,`quantity`,`unit_price`,`subtotal`,`created_at`,`updated_at`) VALUES
('256','19','20','2','120.00','240.00','2026-07-10 00:17:40','2026-07-10 00:17:40'),
('257','19','7','12','12.50','150.00','2026-07-10 00:17:40','2026-07-10 00:17:40'),
('258','19','4','12','12.50','150.00','2026-07-10 00:17:40','2026-07-10 00:17:40'),
('259','19','17','12','7.40','88.80','2026-07-10 00:17:40','2026-07-10 00:17:40'),
('260','19','18','10','18.00','180.00','2026-07-10 00:17:40','2026-07-10 00:17:40'),
('261','19','14','20','7.40','148.00','2026-07-10 00:17:40','2026-07-10 00:17:40'),
('262','19','41','12','7.40','88.80','2026-07-10 00:17:40','2026-07-10 00:17:40'),
('263','19','49','12','7.40','88.80','2026-07-10 00:17:40','2026-07-10 00:17:40'),
('264','19','51','12','7.40','88.80','2026-07-10 00:17:40','2026-07-10 00:17:40'),
('265','19','54','12','7.40','88.80','2026-07-10 00:17:40','2026-07-10 00:17:40'),
('266','19','50','12','7.40','88.80','2026-07-10 00:17:40','2026-07-10 00:17:40'),
('267','19','43','12','7.40','88.80','2026-07-10 00:17:40','2026-07-10 00:17:40'),
('268','19','44','12','7.40','88.80','2026-07-10 00:17:40','2026-07-10 00:17:40'),
('269','19','46','12','7.40','88.80','2026-07-10 00:17:40','2026-07-10 00:17:40'),
('270','19','48','12','7.40','88.80','2026-07-10 00:17:40','2026-07-10 00:17:40'),
('271','19','55','12','13.50','162.00','2026-07-10 00:17:40','2026-07-10 00:17:40'),
('272','20','18','10','18.50','185.00','2026-07-10 21:14:46','2026-07-10 21:14:46'),
('273','20','17','12','7.40','88.80','2026-07-10 21:14:46','2026-07-10 21:14:46'),
('274','20','41','12','7.40','88.80','2026-07-10 21:14:46','2026-07-10 21:14:46'),
('275','20','49','12','7.40','88.80','2026-07-10 21:14:46','2026-07-10 21:14:46'),
('276','20','51','12','7.40','88.80','2026-07-10 21:14:46','2026-07-10 21:14:46'),
('277','20','50','12','7.40','88.80','2026-07-10 21:14:46','2026-07-10 21:14:46'),
('278','20','54','12','7.40','88.80','2026-07-10 21:14:46','2026-07-10 21:14:46'),
('279','20','48','12','7.40','88.80','2026-07-10 21:14:46','2026-07-10 21:14:46'),
('280','20','46','12','7.40','88.80','2026-07-10 21:14:47','2026-07-10 21:14:47'),
('281','20','43','12','7.40','88.80','2026-07-10 21:14:47','2026-07-10 21:14:47'),
('282','20','44','12','7.40','88.80','2026-07-10 21:14:47','2026-07-10 21:14:47'),
('283','20','7','12','12.50','150.00','2026-07-10 21:14:47','2026-07-10 21:14:47'),
('284','20','4','12','12.50','150.00','2026-07-10 21:14:47','2026-07-10 21:14:47'),
('285','20','14','20','7.40','148.00','2026-07-10 21:14:47','2026-07-10 21:14:47');

DROP TABLE IF EXISTS `invoices`;
CREATE TABLE `invoices` (
  `id` bigint unsigned NOT NULL AUTO_INCREMENT,
  `total` decimal(12,2) NOT NULL DEFAULT '0.00',
  `client_id` bigint unsigned NOT NULL,
  `created_at` timestamp NULL DEFAULT NULL,
  `updated_at` timestamp NULL DEFAULT NULL,
  PRIMARY KEY (`id`),
  KEY `invoices_client_id_foreign` (`client_id`),
  KEY `invoices_created_at_index` (`created_at`),
  CONSTRAINT `invoices_client_id_foreign` FOREIGN KEY (`client_id`) REFERENCES `clients` (`id`) ON DELETE CASCADE
) ENGINE=InnoDB AUTO_INCREMENT=21 DEFAULT CHARSET=utf8mb4 COLLATE=utf8mb4_unicode_ci;

INSERT INTO `invoices` (`id`,`total`,`client_id`,`created_at`,`updated_at`) VALUES
('4','4239.20','1','2026-07-01 21:40:01','2026-07-01 21:40:02'),
('5','1501.00','4','2026-07-01 22:18:48','2026-07-01 22:18:48'),
('6','1761.20','5','2026-07-02 21:14:06','2026-07-02 21:14:06'),
('7','15852.00','6','2026-07-02 22:05:54','2026-07-02 22:05:54'),
('8','4025.80','7','2026-07-03 00:10:18','2026-07-03 00:10:19'),
('9','492.00','10','2026-07-03 19:35:20','2026-07-03 19:35:20'),
('10','994.80','9','2026-07-03 19:40:00','2026-07-03 19:40:00'),
('11','5369.00','11','2026-07-03 19:46:07','2026-07-03 19:46:07'),
('12','6886.80','8','2026-07-03 20:40:48','2026-07-03 20:40:48'),
('13','6207.60','8','2026-07-06 23:09:27','2026-07-06 23:09:28'),
('14','2884.60','2','2026-07-06 23:20:38','2026-07-06 23:20:39'),
('15','1556.00','12','2026-07-08 00:06:49','2026-07-08 00:06:49'),
('16','386.60','13','2026-07-09 23:27:22','2026-07-09 23:27:22'),
('17','1500.40','16','2026-07-09 23:31:58','2026-07-09 23:31:58'),
('18','1766.80','17','2026-07-09 23:43:10','2026-07-09 23:43:11'),
('19','1918.00','15','2026-07-10 00:17:40','2026-07-10 00:17:40'),
('20','1521.00','18','2026-07-10 21:14:46','2026-07-10 21:14:47');

DROP TABLE IF EXISTS `job_batches`;
CREATE TABLE `job_batches` (
  `id` varchar(255) COLLATE utf8mb4_unicode_ci NOT NULL,
  `name` varchar(255) COLLATE utf8mb4_unicode_ci NOT NULL,
  `total_jobs` int NOT NULL,
  `pending_jobs` int NOT NULL,
  `failed_jobs` int NOT NULL,
  `failed_job_ids` longtext COLLATE utf8mb4_unicode_ci NOT NULL,
  `options` mediumtext COLLATE utf8mb4_unicode_ci,
  `cancelled_at` int DEFAULT NULL,
  `created_at` int NOT NULL,
  `finished_at` int DEFAULT NULL,
  PRIMARY KEY (`id`)
) ENGINE=InnoDB DEFAULT CHARSET=utf8mb4 COLLATE=utf8mb4_unicode_ci;

-- No data in job_batches

DROP TABLE IF EXISTS `jobs`;
CREATE TABLE `jobs` (
  `id` bigint unsigned NOT NULL AUTO_INCREMENT,
  `queue` varchar(255) COLLATE utf8mb4_unicode_ci NOT NULL,
  `payload` longtext COLLATE utf8mb4_unicode_ci NOT NULL,
  `attempts` smallint unsigned NOT NULL,
  `reserved_at` int unsigned DEFAULT NULL,
  `available_at` int unsigned NOT NULL,
  `created_at` int unsigned NOT NULL,
  PRIMARY KEY (`id`),
  KEY `jobs_queue_index` (`queue`)
) ENGINE=InnoDB DEFAULT CHARSET=utf8mb4 COLLATE=utf8mb4_unicode_ci;

-- No data in jobs

DROP TABLE IF EXISTS `migrations`;
CREATE TABLE `migrations` (
  `id` int unsigned NOT NULL AUTO_INCREMENT,
  `migration` varchar(255) COLLATE utf8mb4_unicode_ci NOT NULL,
  `batch` int NOT NULL,
  PRIMARY KEY (`id`)
) ENGINE=InnoDB AUTO_INCREMENT=14 DEFAULT CHARSET=utf8mb4 COLLATE=utf8mb4_unicode_ci;

INSERT INTO `migrations` (`id`,`migration`,`batch`) VALUES
('1','0001_01_01_000000_create_users_table','1'),
('2','0001_01_01_000001_create_cache_table','1'),
('3','0001_01_01_000002_create_jobs_table','1'),
('4','2026_05_15_041012_create_invoices_table','1'),
('5','2026_05_15_041012_create_products_table','1'),
('6','2026_05_15_041013_create_invoice_items_table','1'),
('7','2026_05_15_153224_add_category_and_size_to_products_table','1'),
('8','2026_05_25_023550_create_clients_table','2'),
('9','2026_05_25_025711_modify_invoices_table_add_client_id','2'),
('10','2026_05_25_031144_add_stock_to_products_table','2'),
('11','2026_05_25_031931_create_stock_movements_table','2'),
('12','2026_05_25_061500_fix_pasta_categories','2'),
('13','2026_06_24_222151_add_performance_indexes_to_tables','2');

DROP TABLE IF EXISTS `password_reset_tokens`;
CREATE TABLE `password_reset_tokens` (
  `email` varchar(255) COLLATE utf8mb4_unicode_ci NOT NULL,
  `token` varchar(255) COLLATE utf8mb4_unicode_ci NOT NULL,
  `created_at` timestamp NULL DEFAULT NULL,
  PRIMARY KEY (`email`)
) ENGINE=InnoDB DEFAULT CHARSET=utf8mb4 COLLATE=utf8mb4_unicode_ci;

-- No data in password_reset_tokens

DROP TABLE IF EXISTS `products`;
CREATE TABLE `products` (
  `id` bigint unsigned NOT NULL AUTO_INCREMENT,
  `name` varchar(255) COLLATE utf8mb4_unicode_ci NOT NULL,
  `category` varchar(255) COLLATE utf8mb4_unicode_ci DEFAULT NULL,
  `size` varchar(255) COLLATE utf8mb4_unicode_ci DEFAULT NULL,
  `price` decimal(10,2) NOT NULL,
  `stock_quantity` int NOT NULL DEFAULT '0',
  `min_stock` int NOT NULL DEFAULT '5',
  `image` varchar(255) COLLATE utf8mb4_unicode_ci DEFAULT NULL,
  `created_at` timestamp NULL DEFAULT NULL,
  `updated_at` timestamp NULL DEFAULT NULL,
  PRIMARY KEY (`id`),
  KEY `products_category_index` (`category`),
  KEY `products_name_index` (`name`)
) ENGINE=InnoDB AUTO_INCREMENT=70 DEFAULT CHARSET=utf8mb4 COLLATE=utf8mb4_unicode_ci;

INSERT INTO `products` (`id`,`name`,`category`,`size`,`price`,`stock_quantity`,`min_stock`,`image`,`created_at`,`updated_at`) VALUES
('4','csc moy1kg','Couscous','1kg','12.50','912','5','products/rzAvbZMZ2SdOHvVJrEnS8mMoJCYzNL9pI5gjTzV2.jpg','2026-05-16 22:09:09','2026-07-10 21:14:47'),
('7','csc fine1kg','Couscous','1kg','12.50','2064','5','products/0G51Q5K60vE7dLVX6NOKn2qKvB1faMi5OIVJS372.jpg','2026-05-16 22:36:59','2026-07-10 21:14:47'),
('9','csc fine10kg','Couscous','10kg','92.00','576','5','products/yhhWbfAHCy0tSUgDZ0J2lkFF0LKYQ2iro04J2Zjt.jpg','2026-05-16 22:43:22','2026-07-06 23:20:38'),
('10','csc moy10kg','Couscous','10kg','91.00','281','5','products/ED8MHAw8LnA78WpMzcaXY6jHjV9edkj9430N5LJ4.jpg','2026-05-16 22:44:58','2026-07-09 23:27:22'),
('14','csc fine1/2 500g','Couscous','500g','7.40','1340','5','products/pEeRKYD8gD6ZNJY6D71GCrWGGYeuvV3VeuJ1UnOQ.jpg','2026-05-16 23:04:56','2026-07-10 21:14:47'),
('16','seml gros1kg','Semoule','1kg','1.00','0','5','products/alSjRqQuIobe9KZP8qnKzLizjxKAyoONviLGecxj.png','2026-05-16 23:12:13','2026-05-18 23:38:46'),
('17','ch_d\'ang500g','Cheveux d\'Ange','500g','7.40','672','5','products/4cIXivvwNArQq6NHKzb6Z9r9Yssm8e6PrIWd77Km.jpg','2026-05-17 03:59:24','2026-07-10 21:14:46'),
('18','ch_d\'ang1kg','Cheveux d\'Ange','1kg','18.50','190','5','products/HigbC34ZiNNwVW0jH9pCvPkmfLMtcdZtVmIOmhoh.jpg','2026-05-17 04:00:05','2026-07-10 21:14:46'),
('20','ch_d\'ang10kg','Cheveux d\'Ange','10kg','120.00','200','5','products/zR4nGGELzvfFwsHkciNZmmLsrIzoOL9c5c6BlGso.jpg','2026-05-17 04:00:43','2026-07-10 00:17:40'),
('29','torsade 10kg','Pâtes vrac','10kg','92.00','25','5','products/ADk6hkZS2OM1BRX6BmBgq6Atcf1QubOmPbptoJpP.jpg','2026-05-17 04:07:38','2026-07-08 00:06:49'),
('30','penne 10kg','Pâtes vrac','10kg','92.00','42','5','products/B6XWQL5yAURJUnNwBGF62SJ24BfR4lIp0cwyuau1.jpg','2026-05-17 04:08:05','2026-07-06 23:20:38'),
('31','langue d\'oiseau 5kg','Pâtes vrac','5kg','46.00','134','5','products/NPVrChS2y4WbaqDG8dHqQggkUe6GHJsXuxBi4N4I.jpg','2026-05-17 04:08:28','2026-07-06 23:20:39'),
('32','etoiles 5kg','Pâtes vrac','5kg','46.00','96','5','products/kU1IcwcAAKOPmiDJ6YtMtE2Pm2iTt4KeaKbSCKyh.jpg','2026-05-17 04:16:49','2026-07-06 23:20:39'),
('33','petit plomb 10kg','Pâtes vrac','10kg','92.00','29','5','products/TFwFjmWTMKiGPIV23hSuzjYznSYIyE56ywvJiK0a.jpg','2026-05-17 04:18:11','2026-07-06 23:20:38'),
('34','verm gros10kg','Pâtes vrac','10kg','92.00','78','5','products/tPN1M8aBTBjHdssUtBQMnSO0q445WTKMsVi02IkA.jpg','2026-05-17 04:18:31','2026-07-06 23:20:39'),
('35','verm fine 10kg','Pâtes vrac','10kg','92.00','23','5','products/oj6YAUf1UgkDAd1JsYWexoY7uZj7XGka1Oj1rowx.jpg','2026-05-17 04:19:43','2026-07-06 23:20:38'),
('36','verm moy 10kg','Pâtes vrac','10kg','92.00','42','5','products/480ZQDdx7MQwA9TPGwNisJPM4bI3GXUdehinQ4tP.jpg','2026-05-17 04:20:01','2026-07-08 00:06:49'),
('37','code 10kg','Pâtes vrac','10kg','92.00','56','5','products/MTgvXex6AKHHh4XydiSnmeSeRr8flxDm7egw16ee.jpg','2026-05-17 04:20:19','2026-07-06 23:20:39'),
('38','code rayes 10kg','Pâtes vrac','10kg','92.00','65','5','products/Q9gDCyW9XS8m3sAT0E620UoINFibiyyLD2RjjG8O.jpg','2026-05-17 04:20:41','2026-07-06 23:20:39'),
('39','coquilles 10kg','Pâtes vrac','10kg','92.00','34','5','products/VxpJmwkotShMbxSvFDJt1jZoYAhcM841DmIynktr.jpg','2026-05-17 04:20:56','2026-07-06 23:20:39'),
('40','Fleur 2kg','Farine','2kg','0.01','0','5','products/KcY22XniOtQYCLF7XLXYxxDnrtrZc0eIwnFB3Qpd.jpg','2026-05-17 22:44:06','2026-05-18 00:05:44'),
('41','torsade500g','Pâtes ptc','500g','7.40','1080','5','products/wxOeEtvubYFcLTigzMtEAzbW6wO8QiUrq0Lr7knD.jpg','2026-05-18 00:20:00','2026-07-10 21:14:46'),
('43','langue d\'oiseau 500g','Pâtes ptc','500g','7.40','300','5',NULL,'2026-05-18 00:21:52','2026-07-10 21:14:47'),
('44','etoiles 500g','Pâtes ptc','500g','7.40','312','5','products/g0BfOM329mdLYyXfe9YkYPeqYZ2uu0aBgTkL3j92.jpg','2026-05-18 00:22:10','2026-07-10 21:14:47'),
('46','verm moy 500g','Pâtes ptc','500g','7.40','420','5','products/YfGsTLYkAQWDqLEm8etuw6ohc1MM7YLSPC30sNk7.jpg','2026-05-18 00:23:05','2026-07-10 21:14:47'),
('47','verm fine 500g','Pâtes ptc','500g','7.40','144','5','products/KpCtxdAKF3I7Yui39oG3tviAv8tB2t1z5SXdXlvL.jpg','2026-05-18 00:23:25','2026-07-09 23:43:10'),
('48','verm gros 500g','Pâtes ptc','500g','7.40','312','5','products/EDshGw55rbUFAIHdhI3aTVyfcBlOQnaKi0iVRDrd.jpg','2026-05-18 00:23:41','2026-07-10 21:14:47'),
('49','codes 500g','Pâtes ptc','500g','7.40','288','5','products/qQ0Odw1O3hFypSH0NSguizvK0h0Jly9KRv9kohZI.jpg','2026-05-18 00:24:17','2026-07-10 21:14:46'),
('50','code rayes 500g','Pâtes ptc','500g','7.40','288','5','products/ZeYVpAosQS99LyrTFdBj2fiPboHzFysFRECxWWft.jpg','2026-05-18 00:24:37','2026-07-10 21:14:46'),
('51','coquilles 500g','Pâtes ptc','500g','7.40','288','5','products/X2OOCMViSk0tO72TkDGymDNg7v016hrsw9T0S13T.jpg','2026-05-18 00:24:54','2026-07-10 21:14:46'),
('54','annelini500g','Pâtes ptc','500g','7.40','60','5','products/fQkctmUHdNFZ9JsupY8eN4Huj2ICt5bcXJ6UeruQ.jpg','2026-05-18 00:25:58','2026-07-10 21:14:46'),
('55','farafallini 500g','Pâtes ptc','500g','13.50','36','5','products/yjqHMgpnQcIMPPE4eeEHn081rjNxmXAwkyYWOHJS.jpg','2026-05-18 00:26:21','2026-07-10 00:17:40'),
('61','csc aman fine 10kg','Amane','10kg','84.00','0','5','products/DHrGbjA7ZfVV8hrQ4VD6t53m573AwYHIA2GDhKYS.jpg','2026-05-18 20:00:50','2026-05-18 22:14:26'),
('63','csc balboula1kg','Couscous','1kg','13.00','84','5','products/yRE14y5ColnWABLqmCMolPOg380ruStixXHrFPRN.jpg','2026-05-18 21:37:52','2026-07-06 23:09:27'),
('65','csc berkouks 1kg','Couscous',NULL,'18.60','0','5','products/Ka5EUNOXI5SDzhx1KKELdoOmWh821EAjT8Ww90ah.jpg','2026-06-28 22:49:42','2026-07-06 23:09:27'),
('67','pennette 10kg','Pâtes vrac',NULL,'92.00','31','5','products/TWIVbhcktzjLutpSQtkSLJXqDfMw8MeNWCJPjjzs.jpg','2026-06-28 23:07:05','2026-07-06 23:20:38'),
('68','torsette 10kg','Pâtes vrac',NULL,'92.00','40','5','products/M2RQlmAeNuQrPMzhilQ1u3uKvkQyOsN18wovKUy8.jpg','2026-06-28 23:07:36','2026-07-06 23:20:38'),
('69','plombs 10kg','Pâtes vrac',NULL,'92.00','26','5','products/aK9A1pdjyvsEtiUnivChIX44VnVlVZ7OISjTQBtN.jpg','2026-06-28 23:08:18','2026-07-06 23:20:38');

DROP TABLE IF EXISTS `sessions`;
CREATE TABLE `sessions` (
  `id` varchar(255) COLLATE utf8mb4_unicode_ci NOT NULL,
  `user_id` bigint unsigned DEFAULT NULL,
  `ip_address` varchar(45) COLLATE utf8mb4_unicode_ci DEFAULT NULL,
  `user_agent` text COLLATE utf8mb4_unicode_ci,
  `payload` longtext COLLATE utf8mb4_unicode_ci NOT NULL,
  `last_activity` int NOT NULL,
  PRIMARY KEY (`id`),
  KEY `sessions_user_id_index` (`user_id`),
  KEY `sessions_last_activity_index` (`last_activity`)
) ENGINE=InnoDB DEFAULT CHARSET=utf8mb4 COLLATE=utf8mb4_unicode_ci;

-- No data in sessions

DROP TABLE IF EXISTS `stock_movements`;
CREATE TABLE `stock_movements` (
  `id` bigint unsigned NOT NULL AUTO_INCREMENT,
  `product_id` bigint unsigned NOT NULL,
  `type` enum('entrée','sortie') COLLATE utf8mb4_unicode_ci NOT NULL,
  `quantity` int NOT NULL,
  `reason` varchar(255) COLLATE utf8mb4_unicode_ci DEFAULT NULL,
  `created_at` timestamp NOT NULL DEFAULT CURRENT_TIMESTAMP,
  PRIMARY KEY (`id`),
  KEY `stock_movements_product_id_foreign` (`product_id`),
  CONSTRAINT `stock_movements_product_id_foreign` FOREIGN KEY (`product_id`) REFERENCES `products` (`id`) ON DELETE CASCADE
) ENGINE=InnoDB AUTO_INCREMENT=384 DEFAULT CHARSET=utf8mb4 COLLATE=utf8mb4_unicode_ci;

INSERT INTO `stock_movements` (`id`,`product_id`,`type`,`quantity`,`reason`,`created_at`) VALUES
('3','14','entrée','1','entrée manuelle','2026-06-28 15:27:53'),
('4','20','entrée','256','entrée manuelle','2026-06-28 22:02:03'),
('5','18','entrée','42','entrée manuelle','2026-06-28 22:02:18'),
('6','18','entrée','420','entrée manuelle','2026-06-28 22:05:43'),
('7','18','entrée','420','entrée manuelle','2026-06-28 22:05:57'),
('8','18','entrée','1','entrée manuelle','2026-06-28 22:06:24'),
('9','18','entrée','1','entrée manuelle','2026-06-28 22:08:01'),
('10','14','entrée','1740','ajustement manuel (correction)','2026-06-28 22:54:52'),
('11','9','entrée','600','ajustement manuel (correction)','2026-06-28 22:55:20'),
('12','7','entrée','2400','ajustement manuel (correction)','2026-06-28 22:55:43'),
('13','10','entrée','300','ajustement manuel (correction)','2026-06-28 22:56:14'),
('14','4','entrée','1200','ajustement manuel (correction)','2026-06-28 22:56:37'),
('15','63','entrée','180','ajustement manuel (correction)','2026-06-28 22:57:08'),
('16','20','entrée','256','ajustement manuel (correction)','2026-06-28 23:01:48'),
('17','18','entrée','420','ajustement manuel (correction)','2026-06-28 23:02:14'),
('18','17','entrée','1008','ajustement manuel (correction)','2026-06-28 23:02:49'),
('19','54','entrée','240','ajustement manuel (correction)','2026-06-28 23:26:08'),
('20','55','entrée','240','ajustement manuel (correction)','2026-06-28 23:26:29'),
('21','41','entrée','1320','ajustement manuel (correction)','2026-06-28 23:27:21'),
('22','50','entrée','480','ajustement manuel (correction)','2026-06-28 23:28:01'),
('23','49','entrée','480','ajustement manuel (correction)','2026-06-28 23:28:19'),
('24','51','entrée','480','ajustement manuel (correction)','2026-06-28 23:28:38'),
('25','44','entrée','480','ajustement manuel (correction)','2026-06-28 23:29:30'),
('26','43','entrée','480','ajustement manuel (correction)','2026-06-28 23:29:43'),
('27','46','entrée','600','ajustement manuel (correction)','2026-06-28 23:31:35'),
('28','48','entrée','480','ajustement manuel (correction)','2026-06-28 23:31:53'),
('29','47','entrée','240','ajustement manuel (correction)','2026-06-28 23:32:27'),
('30','39','entrée','40','ajustement manuel (correction)','2026-06-28 23:37:34'),
('31','37','entrée','60','ajustement manuel (correction)','2026-06-28 23:37:53'),
('32','38','entrée','70','ajustement manuel (correction)','2026-06-28 23:38:10'),
('33','32','entrée','100','ajustement manuel (correction)','2026-06-28 23:38:29'),
('34','31','entrée','140','ajustement manuel (correction)','2026-06-28 23:38:41'),
('35','30','entrée','60','ajustement manuel (correction)','2026-06-28 23:39:05'),
('36','67','entrée','40','ajustement manuel (correction)','2026-06-28 23:39:15'),
('37','33','entrée','35','ajustement manuel (correction)','2026-06-28 23:39:45'),
('38','69','entrée','35','ajustement manuel (correction)','2026-06-28 23:39:56'),
('39','29','entrée','40','ajustement manuel (correction)','2026-06-28 23:40:29'),
('40','68','entrée','60','ajustement manuel (correction)','2026-06-28 23:40:41'),
('41','35','entrée','30','ajustement manuel (correction)','2026-06-28 23:41:03'),
('42','36','entrée','60','ajustement manuel (correction)','2026-06-28 23:41:15'),
('43','34','entrée','100','ajustement manuel (correction)','2026-06-28 23:41:32'),
('44','63','sortie','12','Facture #1','2026-06-29 21:34:33'),
('45','65','sortie','12','Facture #1','2026-06-29 21:34:33'),
('46','7','sortie','24','Facture #1','2026-06-29 21:34:33'),
('47','4','sortie','12','Facture #1','2026-06-29 21:34:33'),
('48','14','sortie','20','Facture #1','2026-06-29 21:34:33'),
('49','20','sortie','10','Facture #1','2026-06-29 21:34:33'),
('50','18','sortie','20','Facture #1','2026-06-29 21:34:33'),
('51','17','sortie','24','Facture #1','2026-06-29 21:34:33'),
('52','37','sortie','10','Facture #1','2026-06-29 21:34:33');

INSERT INTO `stock_movements` (`id`,`product_id`,`type`,`quantity`,`reason`,`created_at`) VALUES
('53','38','sortie','10','Facture #1','2026-06-29 21:34:33'),
('54','39','sortie','10','Facture #1','2026-06-29 21:34:33'),
('55','32','sortie','10','Facture #1','2026-06-29 21:34:33'),
('56','31','sortie','10','Facture #1','2026-06-29 21:34:33'),
('57','30','sortie','10','Facture #1','2026-06-29 21:34:33'),
('58','67','sortie','10','Facture #1','2026-06-29 21:34:33'),
('59','33','sortie','10','Facture #1','2026-06-29 21:34:33'),
('60','69','sortie','10','Facture #1','2026-06-29 21:34:33'),
('61','29','sortie','10','Facture #1','2026-06-29 21:34:33'),
('62','68','sortie','10','Facture #1','2026-06-29 21:34:33'),
('63','35','sortie','10','Facture #1','2026-06-29 21:34:33'),
('64','34','sortie','10','Facture #1','2026-06-29 21:34:34'),
('65','36','sortie','1','Facture #1','2026-06-29 21:34:34'),
('66','63','entrée','12','Annulation Facture #1','2026-06-29 21:35:40'),
('67','65','entrée','12','Annulation Facture #1','2026-06-29 21:35:40'),
('68','7','entrée','24','Annulation Facture #1','2026-06-29 21:35:40'),
('69','4','entrée','12','Annulation Facture #1','2026-06-29 21:35:40'),
('70','14','entrée','20','Annulation Facture #1','2026-06-29 21:35:40'),
('71','20','entrée','10','Annulation Facture #1','2026-06-29 21:35:40'),
('72','18','entrée','20','Annulation Facture #1','2026-06-29 21:35:40'),
('73','17','entrée','24','Annulation Facture #1','2026-06-29 21:35:40'),
('74','37','entrée','10','Annulation Facture #1','2026-06-29 21:35:40'),
('75','38','entrée','10','Annulation Facture #1','2026-06-29 21:35:40'),
('76','39','entrée','10','Annulation Facture #1','2026-06-29 21:35:40'),
('77','32','entrée','10','Annulation Facture #1','2026-06-29 21:35:40'),
('78','31','entrée','10','Annulation Facture #1','2026-06-29 21:35:40'),
('79','30','entrée','10','Annulation Facture #1','2026-06-29 21:35:40'),
('80','67','entrée','10','Annulation Facture #1','2026-06-29 21:35:40'),
('81','33','entrée','10','Annulation Facture #1','2026-06-29 21:35:40'),
('82','69','entrée','10','Annulation Facture #1','2026-06-29 21:35:40'),
('83','29','entrée','10','Annulation Facture #1','2026-06-29 21:35:40'),
('84','68','entrée','10','Annulation Facture #1','2026-06-29 21:35:40'),
('85','35','entrée','10','Annulation Facture #1','2026-06-29 21:35:40'),
('86','34','entrée','10','Annulation Facture #1','2026-06-29 21:35:40'),
('87','36','entrée','1','Annulation Facture #1','2026-06-29 21:35:40'),
('88','20','sortie','1','Facture #2','2026-06-29 21:44:21'),
('89','18','sortie','20','Facture #2','2026-06-29 21:44:21'),
('90','17','sortie','24','Facture #2','2026-06-29 21:44:21'),
('91','63','sortie','12','Facture #2','2026-06-29 21:44:21'),
('92','65','sortie','12','Facture #2','2026-06-29 21:44:21'),
('93','14','sortie','40','Facture #2','2026-06-29 21:44:21'),
('94','7','sortie','24','Facture #2','2026-06-29 21:44:21'),
('95','4','sortie','12','Facture #2','2026-06-29 21:44:21'),
('96','37','sortie','1','Facture #2','2026-06-29 21:44:21'),
('97','38','sortie','1','Facture #2','2026-06-29 21:44:21'),
('98','39','sortie','1','Facture #2','2026-06-29 21:44:21'),
('99','32','sortie','2','Facture #2','2026-06-29 21:44:21'),
('100','31','sortie','2','Facture #2','2026-06-29 21:44:21'),
('101','30','sortie','1','Facture #2','2026-06-29 21:44:21'),
('102','67','sortie','1','Facture #2','2026-06-29 21:44:21');

INSERT INTO `stock_movements` (`id`,`product_id`,`type`,`quantity`,`reason`,`created_at`) VALUES
('103','33','sortie','1','Facture #2','2026-06-29 21:44:21'),
('104','69','sortie','1','Facture #2','2026-06-29 21:44:21'),
('105','29','sortie','1','Facture #2','2026-06-29 21:44:21'),
('106','68','sortie','1','Facture #2','2026-06-29 21:44:21'),
('107','35','sortie','1','Facture #2','2026-06-29 21:44:21'),
('108','34','sortie','1','Facture #2','2026-06-29 21:44:21'),
('109','36','sortie','1','Facture #2','2026-06-29 21:44:21'),
('110','54','sortie','12','Facture #3','2026-06-29 21:48:33'),
('111','50','sortie','12','Facture #3','2026-06-29 21:48:33'),
('112','49','sortie','12','Facture #3','2026-06-29 21:48:33'),
('113','51','sortie','12','Facture #3','2026-06-29 21:48:33'),
('114','44','sortie','12','Facture #3','2026-06-29 21:48:33'),
('115','55','sortie','12','Facture #3','2026-06-29 21:48:33'),
('116','43','sortie','12','Facture #3','2026-06-29 21:48:33'),
('117','41','sortie','24','Facture #3','2026-06-29 21:48:33'),
('118','47','sortie','12','Facture #3','2026-06-29 21:48:33'),
('119','46','sortie','12','Facture #3','2026-06-29 21:48:33'),
('120','36','sortie','12','Facture #3','2026-06-29 21:48:33'),
('121','54','entrée','12','Annulation Facture #3','2026-07-01 21:24:52'),
('122','50','entrée','12','Annulation Facture #3','2026-07-01 21:24:52'),
('123','49','entrée','12','Annulation Facture #3','2026-07-01 21:24:52'),
('124','51','entrée','12','Annulation Facture #3','2026-07-01 21:24:52'),
('125','44','entrée','12','Annulation Facture #3','2026-07-01 21:24:52'),
('126','55','entrée','12','Annulation Facture #3','2026-07-01 21:24:52'),
('127','43','entrée','12','Annulation Facture #3','2026-07-01 21:24:52'),
('128','41','entrée','24','Annulation Facture #3','2026-07-01 21:24:52'),
('129','47','entrée','12','Annulation Facture #3','2026-07-01 21:24:52'),
('130','46','entrée','12','Annulation Facture #3','2026-07-01 21:24:52'),
('131','36','entrée','12','Annulation Facture #3','2026-07-01 21:24:52'),
('132','20','entrée','1','Annulation Facture #2','2026-07-01 21:24:56'),
('133','18','entrée','20','Annulation Facture #2','2026-07-01 21:24:56'),
('134','17','entrée','24','Annulation Facture #2','2026-07-01 21:24:56'),
('135','63','entrée','12','Annulation Facture #2','2026-07-01 21:24:56'),
('136','65','entrée','12','Annulation Facture #2','2026-07-01 21:24:56'),
('137','14','entrée','40','Annulation Facture #2','2026-07-01 21:24:56'),
('138','7','entrée','24','Annulation Facture #2','2026-07-01 21:24:56'),
('139','4','entrée','12','Annulation Facture #2','2026-07-01 21:24:56'),
('140','37','entrée','1','Annulation Facture #2','2026-07-01 21:24:56'),
('141','38','entrée','1','Annulation Facture #2','2026-07-01 21:24:56'),
('142','39','entrée','1','Annulation Facture #2','2026-07-01 21:24:56'),
('143','32','entrée','2','Annulation Facture #2','2026-07-01 21:24:56'),
('144','31','entrée','2','Annulation Facture #2','2026-07-01 21:24:56'),
('145','30','entrée','1','Annulation Facture #2','2026-07-01 21:24:56'),
('146','67','entrée','1','Annulation Facture #2','2026-07-01 21:24:56'),
('147','33','entrée','1','Annulation Facture #2','2026-07-01 21:24:56'),
('148','69','entrée','1','Annulation Facture #2','2026-07-01 21:24:56'),
('149','29','entrée','1','Annulation Facture #2','2026-07-01 21:24:56'),
('150','68','entrée','1','Annulation Facture #2','2026-07-01 21:24:56'),
('151','35','entrée','1','Annulation Facture #2','2026-07-01 21:24:56'),
('152','34','entrée','1','Annulation Facture #2','2026-07-01 21:24:56');

INSERT INTO `stock_movements` (`id`,`product_id`,`type`,`quantity`,`reason`,`created_at`) VALUES
('153','36','entrée','1','Annulation Facture #2','2026-07-01 21:24:56'),
('154','7','sortie','24','Facture #4','2026-07-01 21:40:01'),
('155','4','sortie','12','Facture #4','2026-07-01 21:40:01'),
('156','14','sortie','40','Facture #4','2026-07-01 21:40:01'),
('157','65','sortie','12','Facture #4','2026-07-01 21:40:01'),
('158','63','sortie','12','Facture #4','2026-07-01 21:40:01'),
('159','54','sortie','12','Facture #4','2026-07-01 21:40:01'),
('160','41','sortie','24','Facture #4','2026-07-01 21:40:01'),
('161','17','sortie','24','Facture #4','2026-07-01 21:40:01'),
('162','18','sortie','20','Facture #4','2026-07-01 21:40:01'),
('163','55','sortie','12','Facture #4','2026-07-01 21:40:01'),
('164','49','sortie','12','Facture #4','2026-07-01 21:40:01'),
('165','51','sortie','12','Facture #4','2026-07-01 21:40:01'),
('166','50','sortie','12','Facture #4','2026-07-01 21:40:01'),
('167','47','sortie','12','Facture #4','2026-07-01 21:40:01'),
('168','46','sortie','12','Facture #4','2026-07-01 21:40:01'),
('169','48','sortie','12','Facture #4','2026-07-01 21:40:01'),
('170','43','sortie','12','Facture #4','2026-07-01 21:40:01'),
('171','44','sortie','12','Facture #4','2026-07-01 21:40:01'),
('172','20','sortie','1','Facture #4','2026-07-01 21:40:01'),
('173','29','sortie','1','Facture #4','2026-07-01 21:40:01'),
('174','68','sortie','1','Facture #4','2026-07-01 21:40:01'),
('175','30','sortie','1','Facture #4','2026-07-01 21:40:01'),
('176','67','sortie','1','Facture #4','2026-07-01 21:40:01'),
('177','69','sortie','1','Facture #4','2026-07-01 21:40:01'),
('178','33','sortie','1','Facture #4','2026-07-01 21:40:01'),
('179','36','sortie','1','Facture #4','2026-07-01 21:40:01'),
('180','34','sortie','1','Facture #4','2026-07-01 21:40:01'),
('181','35','sortie','1','Facture #4','2026-07-01 21:40:01'),
('182','37','sortie','1','Facture #4','2026-07-01 21:40:01'),
('183','38','sortie','1','Facture #4','2026-07-01 21:40:01'),
('184','39','sortie','1','Facture #4','2026-07-01 21:40:01'),
('185','31','sortie','2','Facture #4','2026-07-01 21:40:01'),
('186','32','sortie','2','Facture #4','2026-07-01 21:40:02'),
('187','29','sortie','1','Facture #5','2026-07-01 22:18:48'),
('188','68','sortie','1','Facture #5','2026-07-01 22:18:48'),
('189','30','sortie','1','Facture #5','2026-07-01 22:18:48'),
('190','69','sortie','1','Facture #5','2026-07-01 22:18:48'),
('191','38','sortie','1','Facture #5','2026-07-01 22:18:48'),
('192','39','sortie','1','Facture #5','2026-07-01 22:18:48'),
('193','9','sortie','1','Facture #5','2026-07-01 22:18:48'),
('194','10','sortie','1','Facture #5','2026-07-01 22:18:48'),
('195','7','sortie','12','Facture #5','2026-07-01 22:18:48'),
('196','4','sortie','12','Facture #5','2026-07-01 22:18:48'),
('197','14','sortie','20','Facture #5','2026-07-01 22:18:48'),
('198','41','sortie','12','Facture #5','2026-07-01 22:18:48'),
('199','31','sortie','2','Facture #5','2026-07-01 22:18:48'),
('200','20','sortie','1','Facture #5','2026-07-01 22:18:48'),
('201','20','sortie','5','Facture #6','2026-07-02 21:14:06'),
('202','7','sortie','24','Facture #6','2026-07-02 21:14:06');

INSERT INTO `stock_movements` (`id`,`product_id`,`type`,`quantity`,`reason`,`created_at`) VALUES
('203','4','sortie','24','Facture #6','2026-07-02 21:14:06'),
('204','14','sortie','20','Facture #6','2026-07-02 21:14:06'),
('205','18','sortie','20','Facture #6','2026-07-02 21:14:06'),
('206','17','sortie','12','Facture #6','2026-07-02 21:14:06'),
('207','20','sortie','30','Facture #7','2026-07-02 22:05:54'),
('208','17','sortie','120','Facture #7','2026-07-02 22:05:54'),
('209','18','sortie','50','Facture #7','2026-07-02 22:05:54'),
('210','7','sortie','180','Facture #7','2026-07-02 22:05:54'),
('211','4','sortie','120','Facture #7','2026-07-02 22:05:54'),
('212','14','sortie','200','Facture #7','2026-07-02 22:05:54'),
('213','9','sortie','15','Facture #7','2026-07-02 22:05:54'),
('214','10','sortie','10','Facture #7','2026-07-02 22:05:54'),
('215','29','sortie','5','Facture #7','2026-07-02 22:05:54'),
('216','30','sortie','5','Facture #7','2026-07-02 22:05:54'),
('217','34','sortie','10','Facture #7','2026-07-02 22:05:54'),
('218','36','sortie','10','Facture #7','2026-07-02 22:05:54'),
('219','68','sortie','5','Facture #7','2026-07-02 22:05:54'),
('220','67','sortie','5','Facture #7','2026-07-02 22:05:54'),
('221','68','sortie','8','Facture #8','2026-07-03 00:10:18'),
('222','68','sortie','2','Facture #8','2026-07-03 00:10:18'),
('223','30','sortie','5','Facture #8','2026-07-03 00:10:18'),
('224','39','sortie','2','Facture #8','2026-07-03 00:10:18'),
('225','38','sortie','2','Facture #8','2026-07-03 00:10:18'),
('226','37','sortie','2','Facture #8','2026-07-03 00:10:18'),
('227','20','sortie','5','Facture #8','2026-07-03 00:10:18'),
('228','18','sortie','20','Facture #8','2026-07-03 00:10:18'),
('229','17','sortie','24','Facture #8','2026-07-03 00:10:18'),
('230','7','sortie','12','Facture #8','2026-07-03 00:10:18'),
('231','4','sortie','12','Facture #8','2026-07-03 00:10:18'),
('232','14','sortie','20','Facture #8','2026-07-03 00:10:19'),
('233','63','sortie','12','Facture #8','2026-07-03 00:10:19'),
('234','65','sortie','12','Facture #8','2026-07-03 00:10:19'),
('235','55','sortie','12','Facture #8','2026-07-03 00:10:19'),
('236','18','sortie','10','Facture #9','2026-07-03 19:35:20'),
('237','55','sortie','12','Facture #9','2026-07-03 19:35:20'),
('238','4','sortie','12','Facture #9','2026-07-03 19:35:20'),
('239','20','sortie','1','Facture #10','2026-07-03 19:40:00'),
('240','18','sortie','10','Facture #10','2026-07-03 19:40:00'),
('241','17','sortie','12','Facture #10','2026-07-03 19:40:00'),
('242','4','sortie','12','Facture #10','2026-07-03 19:40:00'),
('243','69','sortie','1','Facture #10','2026-07-03 19:40:00'),
('244','33','sortie','1','Facture #10','2026-07-03 19:40:00'),
('245','39','sortie','1','Facture #10','2026-07-03 19:40:00'),
('246','9','sortie','1','Facture #10','2026-07-03 19:40:00'),
('247','10','sortie','1','Facture #10','2026-07-03 19:40:00'),
('248','34','sortie','10','Facture #11','2026-07-03 19:46:07'),
('249','36','sortie','5','Facture #11','2026-07-03 19:46:07'),
('250','35','sortie','5','Facture #11','2026-07-03 19:46:07'),
('251','69','sortie','5','Facture #11','2026-07-03 19:46:07'),
('252','33','sortie','3','Facture #11','2026-07-03 19:46:07');

INSERT INTO `stock_movements` (`id`,`product_id`,`type`,`quantity`,`reason`,`created_at`) VALUES
('253','29','sortie','5','Facture #11','2026-07-03 19:46:07'),
('254','68','sortie','2','Facture #11','2026-07-03 19:46:07'),
('255','30','sortie','5','Facture #11','2026-07-03 19:46:07'),
('256','67','sortie','2','Facture #11','2026-07-03 19:46:07'),
('257','20','sortie','5','Facture #11','2026-07-03 19:46:07'),
('258','9','sortie','5','Facture #11','2026-07-03 19:46:07'),
('259','10','sortie','5','Facture #11','2026-07-03 19:46:07'),
('260','65','sortie','24','Facture #12','2026-07-03 20:40:48'),
('261','63','sortie','36','Facture #12','2026-07-03 20:40:48'),
('262','18','sortie','50','Facture #12','2026-07-03 20:40:48'),
('263','54','sortie','60','Facture #12','2026-07-03 20:40:48'),
('264','50','sortie','60','Facture #12','2026-07-03 20:40:48'),
('265','49','sortie','60','Facture #12','2026-07-03 20:40:48'),
('266','51','sortie','60','Facture #12','2026-07-03 20:40:48'),
('267','44','sortie','60','Facture #12','2026-07-03 20:40:48'),
('268','55','sortie','60','Facture #12','2026-07-03 20:40:48'),
('269','43','sortie','60','Facture #12','2026-07-03 20:40:48'),
('270','41','sortie','60','Facture #12','2026-07-03 20:40:48'),
('271','47','sortie','36','Facture #12','2026-07-03 20:40:48'),
('272','48','sortie','60','Facture #12','2026-07-03 20:40:48'),
('273','46','sortie','60','Facture #12','2026-07-03 20:40:48'),
('274','65','sortie','12','Facture #13','2026-07-06 23:09:27'),
('275','63','sortie','36','Facture #13','2026-07-06 23:09:27'),
('276','17','sortie','60','Facture #13','2026-07-06 23:09:27'),
('277','54','sortie','60','Facture #13','2026-07-06 23:09:27'),
('278','50','sortie','60','Facture #13','2026-07-06 23:09:27'),
('279','49','sortie','60','Facture #13','2026-07-06 23:09:27'),
('280','51','sortie','60','Facture #13','2026-07-06 23:09:28'),
('281','44','sortie','60','Facture #13','2026-07-06 23:09:28'),
('282','55','sortie','60','Facture #13','2026-07-06 23:09:28'),
('283','43','sortie','60','Facture #13','2026-07-06 23:09:28'),
('284','41','sortie','60','Facture #13','2026-07-06 23:09:28'),
('285','47','sortie','36','Facture #13','2026-07-06 23:09:28'),
('286','48','sortie','60','Facture #13','2026-07-06 23:09:28'),
('287','46','sortie','60','Facture #13','2026-07-06 23:09:28'),
('288','20','sortie','3','Facture #14','2026-07-06 23:20:38'),
('289','18','sortie','10','Facture #14','2026-07-06 23:20:38'),
('290','17','sortie','12','Facture #14','2026-07-06 23:20:38'),
('291','41','sortie','12','Facture #14','2026-07-06 23:20:38'),
('292','7','sortie','12','Facture #14','2026-07-06 23:20:38'),
('293','4','sortie','12','Facture #14','2026-07-06 23:20:38'),
('294','14','sortie','20','Facture #14','2026-07-06 23:20:38'),
('295','55','sortie','12','Facture #14','2026-07-06 23:20:38'),
('296','9','sortie','2','Facture #14','2026-07-06 23:20:38'),
('297','10','sortie','1','Facture #14','2026-07-06 23:20:38'),
('298','29','sortie','1','Facture #14','2026-07-06 23:20:38'),
('299','68','sortie','1','Facture #14','2026-07-06 23:20:38'),
('300','30','sortie','1','Facture #14','2026-07-06 23:20:38'),
('301','67','sortie','1','Facture #14','2026-07-06 23:20:38'),
('302','69','sortie','1','Facture #14','2026-07-06 23:20:38');

INSERT INTO `stock_movements` (`id`,`product_id`,`type`,`quantity`,`reason`,`created_at`) VALUES
('303','33','sortie','1','Facture #14','2026-07-06 23:20:38'),
('304','35','sortie','1','Facture #14','2026-07-06 23:20:38'),
('305','36','sortie','1','Facture #14','2026-07-06 23:20:39'),
('306','34','sortie','1','Facture #14','2026-07-06 23:20:39'),
('307','37','sortie','1','Facture #14','2026-07-06 23:20:39'),
('308','38','sortie','1','Facture #14','2026-07-06 23:20:39'),
('309','39','sortie','1','Facture #14','2026-07-06 23:20:39'),
('310','32','sortie','2','Facture #14','2026-07-06 23:20:39'),
('311','31','sortie','2','Facture #14','2026-07-06 23:20:39'),
('312','7','sortie','24','Facture #15','2026-07-08 00:06:49'),
('313','4','sortie','24','Facture #15','2026-07-08 00:06:49'),
('314','49','sortie','12','Facture #15','2026-07-08 00:06:49'),
('315','41','sortie','12','Facture #15','2026-07-08 00:06:49'),
('316','50','sortie','12','Facture #15','2026-07-08 00:06:49'),
('317','51','sortie','12','Facture #15','2026-07-08 00:06:49'),
('318','43','sortie','12','Facture #15','2026-07-08 00:06:49'),
('319','36','sortie','1','Facture #15','2026-07-08 00:06:49'),
('320','29','sortie','2','Facture #15','2026-07-08 00:06:49'),
('321','20','sortie','2','Facture #15','2026-07-08 00:06:49'),
('322','17','sortie','12','Facture #16','2026-07-09 23:27:22'),
('323','41','sortie','12','Facture #16','2026-07-09 23:27:22'),
('324','10','sortie','1','Facture #16','2026-07-09 23:27:22'),
('325','20','sortie','1','Facture #16','2026-07-09 23:27:22'),
('326','18','sortie','10','Facture #17','2026-07-09 23:31:58'),
('327','17','sortie','24','Facture #17','2026-07-09 23:31:58'),
('328','41','sortie','12','Facture #17','2026-07-09 23:31:58'),
('329','46','sortie','12','Facture #17','2026-07-09 23:31:58'),
('330','49','sortie','12','Facture #17','2026-07-09 23:31:58'),
('331','51','sortie','12','Facture #17','2026-07-09 23:31:58'),
('332','55','sortie','12','Facture #17','2026-07-09 23:31:58'),
('333','54','sortie','12','Facture #17','2026-07-09 23:31:58'),
('334','7','sortie','12','Facture #17','2026-07-09 23:31:58'),
('335','4','sortie','12','Facture #17','2026-07-09 23:31:58'),
('336','14','sortie','20','Facture #17','2026-07-09 23:31:58'),
('337','50','sortie','12','Facture #17','2026-07-09 23:31:58'),
('338','18','sortie','10','Facture #18','2026-07-09 23:43:10'),
('339','17','sortie','12','Facture #18','2026-07-09 23:43:10'),
('340','41','sortie','12','Facture #18','2026-07-09 23:43:10'),
('341','46','sortie','12','Facture #18','2026-07-09 23:43:10'),
('342','47','sortie','12','Facture #18','2026-07-09 23:43:10'),
('343','48','sortie','12','Facture #18','2026-07-09 23:43:10'),
('344','49','sortie','12','Facture #18','2026-07-09 23:43:10'),
('345','51','sortie','12','Facture #18','2026-07-09 23:43:10'),
('346','50','sortie','12','Facture #18','2026-07-09 23:43:10'),
('347','43','sortie','12','Facture #18','2026-07-09 23:43:10'),
('348','44','sortie','12','Facture #18','2026-07-09 23:43:10'),
('349','54','sortie','12','Facture #18','2026-07-09 23:43:10'),
('350','55','sortie','12','Facture #18','2026-07-09 23:43:10'),
('351','7','sortie','12','Facture #18','2026-07-09 23:43:10'),
('352','4','sortie','12','Facture #18','2026-07-09 23:43:11');

INSERT INTO `stock_movements` (`id`,`product_id`,`type`,`quantity`,`reason`,`created_at`) VALUES
('353','14','sortie','20','Facture #18','2026-07-09 23:43:11'),
('354','20','sortie','2','Facture #19','2026-07-10 00:17:40'),
('355','7','sortie','12','Facture #19','2026-07-10 00:17:40'),
('356','4','sortie','12','Facture #19','2026-07-10 00:17:40'),
('357','17','sortie','12','Facture #19','2026-07-10 00:17:40'),
('358','18','sortie','10','Facture #19','2026-07-10 00:17:40'),
('359','14','sortie','20','Facture #19','2026-07-10 00:17:40'),
('360','41','sortie','12','Facture #19','2026-07-10 00:17:40'),
('361','49','sortie','12','Facture #19','2026-07-10 00:17:40'),
('362','51','sortie','12','Facture #19','2026-07-10 00:17:40'),
('363','54','sortie','12','Facture #19','2026-07-10 00:17:40'),
('364','50','sortie','12','Facture #19','2026-07-10 00:17:40'),
('365','43','sortie','12','Facture #19','2026-07-10 00:17:40'),
('366','44','sortie','12','Facture #19','2026-07-10 00:17:40'),
('367','46','sortie','12','Facture #19','2026-07-10 00:17:40'),
('368','48','sortie','12','Facture #19','2026-07-10 00:17:40'),
('369','55','sortie','12','Facture #19','2026-07-10 00:17:40'),
('370','18','sortie','10','Facture #20','2026-07-10 21:14:46'),
('371','17','sortie','12','Facture #20','2026-07-10 21:14:46'),
('372','41','sortie','12','Facture #20','2026-07-10 21:14:46'),
('373','49','sortie','12','Facture #20','2026-07-10 21:14:46'),
('374','51','sortie','12','Facture #20','2026-07-10 21:14:46'),
('375','50','sortie','12','Facture #20','2026-07-10 21:14:46'),
('376','54','sortie','12','Facture #20','2026-07-10 21:14:46'),
('377','48','sortie','12','Facture #20','2026-07-10 21:14:47'),
('378','46','sortie','12','Facture #20','2026-07-10 21:14:47'),
('379','43','sortie','12','Facture #20','2026-07-10 21:14:47'),
('380','44','sortie','12','Facture #20','2026-07-10 21:14:47'),
('381','7','sortie','12','Facture #20','2026-07-10 21:14:47'),
('382','4','sortie','12','Facture #20','2026-07-10 21:14:47'),
('383','14','sortie','20','Facture #20','2026-07-10 21:14:47');

DROP TABLE IF EXISTS `users`;
CREATE TABLE `users` (
  `id` bigint unsigned NOT NULL AUTO_INCREMENT,
  `name` varchar(255) COLLATE utf8mb4_unicode_ci NOT NULL,
  `email` varchar(255) COLLATE utf8mb4_unicode_ci NOT NULL,
  `email_verified_at` timestamp NULL DEFAULT NULL,
  `password` varchar(255) COLLATE utf8mb4_unicode_ci NOT NULL,
  `remember_token` varchar(100) COLLATE utf8mb4_unicode_ci DEFAULT NULL,
  `created_at` timestamp NULL DEFAULT NULL,
  `updated_at` timestamp NULL DEFAULT NULL,
  PRIMARY KEY (`id`),
  UNIQUE KEY `users_email_unique` (`email`)
) ENGINE=InnoDB AUTO_INCREMENT=2 DEFAULT CHARSET=utf8mb4 COLLATE=utf8mb4_unicode_ci;

INSERT INTO `users` (`id`,`name`,`email`,`email_verified_at`,`password`,`remember_token`,`created_at`,`updated_at`) VALUES
('1','Oumar','admin@facturo.com',NULL,'$2y$12$YrGyyXGOQ05KOVp5SGGYVuafZSHjU8eIlN5y.DVF7W3.a3f5Fy3Nm',NULL,'2026-06-25 04:44:08','2026-06-25 04:44:08');


SET FOREIGN_KEY_CHECKS=1;
